[
  {
    "Name of technology solution": "Automated Rules Engine (ARE)",
    "Vertical": "BFS - Mortgage",
    "Customer Implementation": "Corelogic"
  },
  {
    "Name of technology solution": "Cogniqueques- customer interaction/ experience management system",
    "Vertical": "BFS - Mortgage",
    "Customer Implementation": "Solution Star"
  },
  {
    "Name of technology solution": "Call Miner - Speech Analytics",
    "Vertical": "BFS - Mortgage",
    "Customer Implementation": "Nationstar (POC)"
  },
  {
    "Name of technology solution": "Spectra - Automated Letters and Notes Creator",
    "Vertical": "BFS - Mortgage",
    "Customer Implementation": "Corelogic"
  },
  {
    "Name of technology solution": "U-simulate",
    "Vertical": "BFS - Mortgage",
    "Customer Implementation": "Corelogic"
  },
  {
    "Name of technology solution": "Cogniclaims - Claims Management System",
    "Vertical": "BFS - Mortgage",
    "Customer Implementation": "Ocwen"
  },
  {
    "Name of technology solution": "Selenium",
    "Vertical": "BFS - Mortgage",
    "Customer Implementation": "Corelogic"
  },
  {
    "Name of technology solution": "CogniACT",
    "Vertical": "BFS - Mortgage",
    "Customer Implementation": "Nationstar"
  },
  {
    "Name of technology solution": "Claims payment validator",
    "Vertical": "BFS - Mortgage",
    "Customer Implementation": "Nationstar"
  },
  {
    "Name of technology solution": "Duplicate Bill Search",
    "Vertical": "F&A",
    "Customer Implementation": "ISS"
  },
  {
    "Name of technology solution": "Duplicate Bill Search",
    "Vertical": "F&A",
    "Customer Implementation": "Volvo"
  },
  {
    "Name of technology solution": "Duplicate Bill Search",
    "Vertical": "F&A",
    "Customer Implementation": "BI"
  },
  {
    "Name of technology solution": "Duplicate Bill Search",
    "Vertical": "F&A",
    "Customer Implementation": "Post Nord"
  },
  {
    "Name of technology solution": "Dynahit Automation tool",
    "Vertical": "BFS",
    "Customer Implementation": "first data"
  },
  {
    "Name of technology solution": "First activity report automation tool",
    "Vertical": "BFS",
    "Customer Implementation": "first data"
  },
  {
    "Name of technology solution": "QC automation tool",
    "Vertical": "BFS",
    "Customer Implementation": "first data"
  },
  {
    "Name of technology solution": "Quick Close (Monthly closing tool)",
    "Vertical": "F&A",
    "Customer Implementation": "Volvo, Post Nord, NP (pilot)"
  },
  {
    "Name of technology solution": "Employee Life Cycle Management (ELCM)",
    "Vertical": "BFS - Mortgage",
    "Customer Implementation": "Corelogic"
  },
  {
    "Name of technology solution": "Onvida",
    "Vertical": "Healthcare",
    "Customer Implementation": "Beacon LBS, UHC, Cigna, Aetna, labcorp"
  },
  {
    "Name of technology solution": "QNXT",
    "Vertical": "Healthcare",
    "Customer Implementation": "Trizetto (Multiple implemenatations)"
  },
  {
    "Name of technology solution": "TriZetto Collaborative Care Solution",
    "Vertical": "Healthcare",
    "Customer Implementation": "Trizetto (Multiple implemenatations)"
  },
  {
    "Name of technology solution": "Trizetto Medicare Solution",
    "Vertical": "Healthcare",
    "Customer Implementation": "Trizetto (Multiple implemenatations)"
  },
  {
    "Name of technology solution": "FACETS",
    "Vertical": "Healthcare",
    "Customer Implementation": "Trizetto (Multiple implemenatations)"
  },
  {
    "Name of technology solution": "DMS",
    "Vertical": "Healthcare",
    "Customer Implementation": "Trizetto (Multiple implemenatations)"
  },
  {
    "Name of technology solution": "TriQAT",
    "Vertical": "Healthcare",
    "Customer Implementation": "Trizetto (Multiple implemenatations)"
  },
  {
    "Name of technology solution": "TRIZETTO CAREADVANCE ENTERPRISE",
    "Vertical": "Healthcare",
    "Customer Implementation": "Trizetto (Multiple implemenatations)"
  },
  {
    "Name of technology solution": "HPA",
    "Vertical": "Healthcare",
    "Customer Implementation": "Trizetto (Multiple implemenatations)"
  },
  {
    "Name of technology solution": "O'CLEVER",
    "Vertical": "Healthcare",
    "Customer Implementation": "Trizetto (Multiple implemenatations)"
  },
  {
    "Name of technology solution": "Vistaspro (LP2.0)",
    "Vertical": "BFS - Mortgage",
    "Customer Implementation": "Corelogic"
  },
  {
    "Name of technology solution": "Catalyst - Accounts Payable BPaaS",
    "Vertical": "F&A",
    "Customer Implementation": "60+ SourceNet traditional accounts (United Rental, BNYM, Sanofi, NiSource, Barnies, Tenneco, Direct TV, etc) \nNon SourceNet accounts (Cognizant S2P, Stewart Title, Gymboree, Patheon, Cengage etc..)"
  },
  {
    "Name of technology solution": "SAP-based PO solution",
    "Vertical": "F&A",
    "Customer Implementation": "BI, Patheon, Volvo etc."
  },
  {
    "Name of technology solution": "Check Posting Tool",
    "Vertical": "F&A",
    "Customer Implementation": "Stewart Title"
  },
  {
    "Name of technology solution": "Recon Apps",
    "Vertical": "BFS - Mortgage",
    "Customer Implementation": "Corelogic"
  },
  {
    "Name of technology solution": "DM Tool",
    "Vertical": "BFS - Mortgage",
    "Customer Implementation": "Corelogic"
  },
  {
    "Name of technology solution": "FedEx AutoTracker",
    "Vertical": "BFS - Mortgage",
    "Customer Implementation": "Corelogic"
  },
  {
    "Name of technology solution": "Check Reconciliation Tool",
    "Vertical": "F&A",
    "Customer Implementation": "Stewart Title"
  },
  {
    "Name of technology solution": "Risk Assessment",
    "Vertical": "BFS",
    "Customer Implementation": "UBS"
  },
  {
    "Name of technology solution": "Early Warning System (EWS)",
    "Vertical": "BFS - Mortgage",
    "Customer Implementation": "Corelogic"
  },
  {
    "Name of technology solution": "Business License Central",
    "Vertical": "F&A",
    "Customer Implementation": "Corelogic"
  },
  {
    "Name of technology solution": "eProcess",
    "Vertical": "F&A",
    "Customer Implementation": "Supervalu"
  },
  {
    "Name of technology solution": "iDCS",
    "Vertical": "Pan - BPS",
    "Customer Implementation": "UBS"
  },
  {
    "Name of technology solution": "BlackLine",
    "Vertical": "F&A",
    "Customer Implementation": "Stewart Title, Tryg, Patheon, Cengage Learning, ISS, Stockland"
  },
  {
    "Name of technology solution": "Email Management tool",
    "Vertical": "F&A",
    "Customer Implementation": "Supervalue (PAFA), ISS, Jewson"
  },
  {
    "Name of technology solution": "Vendor Statement Recon Tool",
    "Vertical": "F&A",
    "Customer Implementation": "Jewson , United Rental"
  },
  {
    "Name of technology solution": "Exceptions Management Tool",
    "Vertical": "F&A",
    "Customer Implementation": "Stewart Title"
  },
  {
    "Name of technology solution": "Order Entry Workflow Tool",
    "Vertical": "F&A",
    "Customer Implementation": "Cole-Parmer Instruments, ThermoFisher"
  },
  {
    "Name of technology solution": "Direct Sales Workflow Tool",
    "Vertical": "F&A",
    "Customer Implementation": "ThermoFisher"
  },
  {
    "Name of technology solution": "B-Process",
    "Vertical": "F&A",
    "Customer Implementation": "Brinker"
  },
  {
    "Name of technology solution": "Tracer",
    "Vertical": "F&A",
    "Customer Implementation": "Saint Gobain -SA, Volvo, Postnord"
  },
  {
    "Name of technology solution": "Catalyst - BPaaS",
    "Vertical": "F&A",
    "Customer Implementation": "Stewart"
  }
]
